<?xml version="1.0" encoding="UTF-8" standalone="yes"?>
<addon id="repository.mschaper" name="MSchaper" version="1.2.2" provider-name="Mschaper">
  <extension point="xbmc.addon.repository" name="Mijn Repository">
		<dir>
		  <info compressed="false">http://teamuniversal.xyz/modules4all/addons.xml</info>
		  <checksum>http://teamuniversal.xyz/modules4all/addons.xml.md5</checksum>
		  <datadir zip="true">http://teamuniversal.xyz/modules4all/</datadir>
		 </dir> 
        <dir>	
          <info compressed="false">https://raw.githubusercontent.com/schaperm/mschaper/master/youtubekidsnl/Plugins/addons.xml</info>
		  <checksum>https://raw.githubusercontent.com/schaperm/mschaper/master/youtubekidsnl/Plugins/addons.xml.md5</checksum>
		  <datadir zip="true">https://raw.githubusercontent.com/schaperm/mschaper/master/youtubekidsnl/Plugins/</datadir>
		</dir>
		<dir>
			<info compressed="false">https://raw.githubusercontent.com/totalrevolution/python-koding/master/zips/addons.xml</info>
			<checksum>https://raw.githubusercontent.com/totalrevolution/python-koding/master/zips/addons.xml.md5</checksum>
			<datadir zip="true">https://raw.githubusercontent.com/totalrevolution/python-koding/master/zips/</datadir>
		</dir>
		<dir>
			<info compressed="false">https://raw.githubusercontent.com/jsergio123/zips/master/addons.xml</info>
			<checksum>https://raw.githubusercontent.com/jsergio123/zips/master/addons.xml.md5</checksum>
			<datadir zip="true">https://raw.githubusercontent.com/jsergio123/zips/master/</datadir>
		</dir>		
  </extension>
  <extension point="xbmc.addon.metadata">
    <summary lang="en">YouTube Addons van Mschaper</summary>
    <description lang="en">YouTube Addons van Mschaper</description>
    <platform>all</platform>
  </extension>
</addon>